"09/12/2026","-15.49","*","","NETFLIX.COM"
"09/03/2026","-11.99","*","","SPOTIFY USA"
"08/12/2026","-15.49","*","","NETFLIX.COM"
"08/03/2026","-11.99","*","","SPOTIFY USA"
"07/12/2026","-15.49","*","","NETFLIX.COM"
"07/03/2026","-11.99","*","","SPOTIFY USA"
"06/12/2026","-15.49","*","","NETFLIX.COM"
"06/03/2026","-11.99","*","","SPOTIFY USA"
"05/12/2026","-15.49","*","","NETFLIX.COM"
"05/03/2026","-11.99","*","","SPOTIFY USA"
"04/12/2026","-15.49","*","","NETFLIX.COM"
"04/03/2026","-11.99","*","","SPOTIFY USA"
"03/12/2026","-15.49","*","","NETFLIX.COM"
"03/03/2026","-11.99","*","","SPOTIFY USA"
"02/12/2026","-15.49","*","","NETFLIX.COM"
"02/03/2026","-11.99","*","","SPOTIFY USA"
"01/12/2026","-15.49","*","","NETFLIX.COM"
"01/03/2026","-11.99","*","","SPOTIFY USA"
