"Date","Time","TimeZone","Name","Type","Status","Currency","Gross","Fee","Net","From Email Address","To Email Address","Transaction ID","Balance"
"01/12/2026","10:00:00","PST","Spotify USA Inc","PreApproved Payment Bill User Payment","Completed","USD","-11.99","0.00","-11.99","buyer@example.com","billing@example.org","1AB0CD","0.00"
"02/12/2026","10:00:00","PST","Spotify USA Inc","PreApproved Payment Bill User Payment","Completed","USD","-11.99","0.00","-11.99","buyer@example.com","billing@example.org","1AB1CD","0.00"
"03/12/2026","10:00:00","PST","Spotify USA Inc","PreApproved Payment Bill User Payment","Completed","USD","-11.99","0.00","-11.99","buyer@example.com","billing@example.org","1AB2CD","0.00"
"04/12/2026","10:00:00","PST","Spotify USA Inc","PreApproved Payment Bill User Payment","Completed","USD","-11.99","0.00","-11.99","buyer@example.com","billing@example.org","1AB3CD","0.00"
"05/12/2026","10:00:00","PST","Spotify USA Inc","PreApproved Payment Bill User Payment","Completed","USD","-11.99","0.00","-11.99","buyer@example.com","billing@example.org","1AB4CD","0.00"
"06/12/2026","10:00:00","PST","Spotify USA Inc","PreApproved Payment Bill User Payment","Completed","USD","-11.99","0.00","-11.99","buyer@example.com","billing@example.org","1AB5CD","0.00"
"07/12/2026","10:00:00","PST","Spotify USA Inc","PreApproved Payment Bill User Payment","Completed","USD","-11.99","0.00","-11.99","buyer@example.com","billing@example.org","1AB6CD","0.00"
"08/12/2026","10:00:00","PST","Spotify USA Inc","PreApproved Payment Bill User Payment","Completed","USD","-11.99","0.00","-11.99","buyer@example.com","billing@example.org","1AB7CD","0.00"
"09/12/2026","10:00:00","PST","Spotify USA Inc","PreApproved Payment Bill User Payment","Completed","USD","-11.99","0.00","-11.99","buyer@example.com","billing@example.org","1AB8CD","0.00"
"01/15/2026","10:00:00","PST","Le Monde Abonnement","PreApproved Payment Bill User Payment","Completed","EUR","-9.99","0.00","-9.99","buyer@example.com","abo@example.org","2EF0GH","0.00"
"02/15/2026","10:00:00","PST","Le Monde Abonnement","PreApproved Payment Bill User Payment","Completed","EUR","-9.99","0.00","-9.99","buyer@example.com","abo@example.org","2EF1GH","0.00"
"03/15/2026","10:00:00","PST","Le Monde Abonnement","PreApproved Payment Bill User Payment","Completed","EUR","-9.99","0.00","-9.99","buyer@example.com","abo@example.org","2EF2GH","0.00"
"04/15/2026","10:00:00","PST","Le Monde Abonnement","PreApproved Payment Bill User Payment","Completed","EUR","-9.99","0.00","-9.99","buyer@example.com","abo@example.org","2EF3GH","0.00"
"05/15/2026","10:00:00","PST","Le Monde Abonnement","PreApproved Payment Bill User Payment","Completed","EUR","-9.99","0.00","-9.99","buyer@example.com","abo@example.org","2EF4GH","0.00"
"06/15/2026","10:00:00","PST","Le Monde Abonnement","PreApproved Payment Bill User Payment","Completed","EUR","-9.99","0.00","-9.99","buyer@example.com","abo@example.org","2EF5GH","0.00"
"07/15/2026","10:00:00","PST","Le Monde Abonnement","PreApproved Payment Bill User Payment","Completed","EUR","-9.99","0.00","-9.99","buyer@example.com","abo@example.org","2EF6GH","0.00"
"08/15/2026","10:00:00","PST","Le Monde Abonnement","PreApproved Payment Bill User Payment","Completed","EUR","-9.99","0.00","-9.99","buyer@example.com","abo@example.org","2EF7GH","0.00"
"09/15/2026","10:00:00","PST","Le Monde Abonnement","PreApproved Payment Bill User Payment","Completed","EUR","-9.99","0.00","-9.99","buyer@example.com","abo@example.org","2EF8GH","0.00"
