Transaction Date,Post Date,Description,Category,Type,Amount,Memo
08/28/2026,08/29/2026,WAWA 8123,Gas,Sale,14.20,
08/26/2026,08/27/2026,Payment Thank You-Mobile,,Payment,-500.00,
08/22/2026,08/23/2026,WAWA 8123,Gas,Sale,30.31,
08/16/2026,08/17/2026,WAWA 8123,Gas,Sale,31.11,
08/12/2026,08/13/2026,NETFLIX.COM,Entertainment,Sale,15.49,
08/10/2026,08/11/2026,WAWA 8123,Gas,Sale,29.20,
08/07/2026,08/08/2026,HBO MAX,Entertainment,Sale,16.99,
08/04/2026,08/05/2026,WAWA 8123,Gas,Sale,14.35,
08/03/2026,08/04/2026,Spotify USA,Entertainment,Sale,11.99,
07/29/2026,07/30/2026,WAWA 8123,Gas,Sale,20.86,
07/26/2026,07/27/2026,Payment Thank You-Mobile,,Payment,-500.00,
07/23/2026,07/24/2026,WAWA 8123,Gas,Sale,12.32,
07/17/2026,07/18/2026,WAWA 8123,Gas,Sale,35.09,
07/12/2026,07/13/2026,NETFLIX.COM,Entertainment,Sale,15.49,
07/11/2026,07/12/2026,WAWA 8123,Gas,Sale,19.49,
07/07/2026,07/08/2026,HBO MAX,Entertainment,Sale,16.99,
07/05/2026,07/06/2026,WAWA 8123,Gas,Sale,34.07,
07/03/2026,07/04/2026,Spotify USA,Entertainment,Sale,11.99,
06/29/2026,06/30/2026,WAWA 8123,Gas,Sale,36.65,
06/26/2026,06/27/2026,Payment Thank You-Mobile,,Payment,-500.00,
06/23/2026,06/24/2026,WAWA 8123,Gas,Sale,16.98,
06/17/2026,06/18/2026,WAWA 8123,Gas,Sale,21.63,
06/12/2026,06/13/2026,NETFLIX.COM,Entertainment,Sale,15.49,
06/11/2026,06/12/2026,WAWA 8123,Gas,Sale,34.95,
06/07/2026,06/08/2026,HBO MAX,Entertainment,Sale,16.99,
06/05/2026,06/06/2026,WAWA 8123,Gas,Sale,12.16,
06/03/2026,06/04/2026,Spotify USA,Entertainment,Sale,11.99,
05/30/2026,05/31/2026,WAWA 8123,Gas,Sale,23.18,
05/26/2026,05/27/2026,Payment Thank You-Mobile,,Payment,-500.00,
05/24/2026,05/25/2026,WAWA 8123,Gas,Sale,30.40,
05/18/2026,05/19/2026,WAWA 8123,Gas,Sale,25.18,
05/12/2026,05/13/2026,NETFLIX.COM,Entertainment,Sale,15.49,
05/12/2026,05/13/2026,WAWA 8123,Gas,Sale,25.05,
05/07/2026,05/08/2026,HBO MAX,Entertainment,Sale,16.99,
05/06/2026,05/07/2026,WAWA 8123,Gas,Sale,20.64,
05/03/2026,05/04/2026,Spotify USA,Entertainment,Sale,11.99,
04/30/2026,05/01/2026,WAWA 8123,Gas,Sale,33.11,
04/26/2026,04/27/2026,Payment Thank You-Mobile,,Payment,-500.00,
04/24/2026,04/25/2026,WAWA 8123,Gas,Sale,10.15,
04/18/2026,04/19/2026,WAWA 8123,Gas,Sale,11.90,
04/12/2026,04/13/2026,NETFLIX.COM,Entertainment,Sale,15.49,
04/12/2026,04/13/2026,WAWA 8123,Gas,Sale,11.69,
04/07/2026,04/08/2026,HBO MAX,Entertainment,Sale,16.99,
04/06/2026,04/07/2026,WAWA 8123,Gas,Sale,28.06,
04/03/2026,04/04/2026,Spotify USA,Entertainment,Sale,11.99,
03/31/2026,04/01/2026,WAWA 8123,Gas,Sale,15.94,
03/26/2026,03/27/2026,Payment Thank You-Mobile,,Payment,-500.00,
03/25/2026,03/26/2026,WAWA 8123,Gas,Sale,39.08,
03/19/2026,03/20/2026,WAWA 8123,Gas,Sale,14.53,
03/13/2026,03/14/2026,WAWA 8123,Gas,Sale,14.82,
03/12/2026,03/13/2026,NETFLIX.COM,Entertainment,Sale,15.49,
03/07/2026,03/08/2026,HBO MAX,Entertainment,Sale,16.99,
03/07/2026,03/08/2026,WAWA 8123,Gas,Sale,17.43,
03/03/2026,03/04/2026,Spotify USA,Entertainment,Sale,11.99,
03/01/2026,03/02/2026,WAWA 8123,Gas,Sale,14.05,
02/26/2026,02/27/2026,Payment Thank You-Mobile,,Payment,-500.00,
02/23/2026,02/24/2026,WAWA 8123,Gas,Sale,18.09,
02/17/2026,02/18/2026,WAWA 8123,Gas,Sale,16.70,
02/12/2026,02/13/2026,NETFLIX.COM,Entertainment,Sale,15.49,
02/11/2026,02/12/2026,WAWA 8123,Gas,Sale,24.39,
02/07/2026,02/08/2026,HBO MAX,Entertainment,Sale,16.99,
02/05/2026,02/06/2026,WAWA 8123,Gas,Sale,18.49,
02/03/2026,02/04/2026,Spotify USA,Entertainment,Sale,11.99,
01/30/2026,01/31/2026,WAWA 8123,Gas,Sale,22.03,
01/26/2026,01/27/2026,Payment Thank You-Mobile,,Payment,-500.00,
01/24/2026,01/25/2026,WAWA 8123,Gas,Sale,28.17,
01/18/2026,01/19/2026,WAWA 8123,Gas,Sale,20.53,
01/12/2026,01/13/2026,NETFLIX.COM,Entertainment,Sale,15.49,
01/12/2026,01/13/2026,WAWA 8123,Gas,Sale,27.19,
01/07/2026,01/08/2026,HBO MAX,Entertainment,Sale,16.99,
01/06/2026,01/07/2026,WAWA 8123,Gas,Sale,30.28,
01/03/2026,01/04/2026,Spotify USA,Entertainment,Sale,11.99,
12/31/2025,01/01/2026,WAWA 8123,Gas,Sale,11.88,
12/26/2025,12/27/2025,Payment Thank You-Mobile,,Payment,-500.00,
12/25/2025,12/26/2025,WAWA 8123,Gas,Sale,32.24,
12/19/2025,12/20/2025,WAWA 8123,Gas,Sale,39.80,
12/13/2025,12/14/2025,WAWA 8123,Gas,Sale,31.22,
12/12/2025,12/13/2025,NETFLIX.COM,Entertainment,Sale,15.49,
12/07/2025,12/08/2025,HBO MAX,Entertainment,Sale,16.99,
12/07/2025,12/08/2025,WAWA 8123,Gas,Sale,16.76,
12/03/2025,12/04/2025,Spotify USA,Entertainment,Sale,11.99,
12/01/2025,12/02/2025,WAWA 8123,Gas,Sale,18.05,
11/26/2025,11/27/2025,Payment Thank You-Mobile,,Payment,-500.00,
11/25/2025,11/26/2025,WAWA 8123,Gas,Sale,12.00,
11/19/2025,11/20/2025,WAWA 8123,Gas,Sale,13.49,
11/13/2025,11/14/2025,WAWA 8123,Gas,Sale,33.26,
11/12/2025,11/13/2025,NETFLIX.COM,Entertainment,Sale,15.49,
11/07/2025,11/08/2025,HBO MAX,Entertainment,Sale,16.99,
11/07/2025,11/08/2025,WAWA 8123,Gas,Sale,36.26,
11/03/2025,11/04/2025,Spotify USA,Entertainment,Sale,11.99,
11/01/2025,11/02/2025,WAWA 8123,Gas,Sale,33.88,
10/26/2025,10/27/2025,Payment Thank You-Mobile,,Payment,-500.00,
10/26/2025,10/27/2025,WAWA 8123,Gas,Sale,22.13,
10/20/2025,10/21/2025,WAWA 8123,Gas,Sale,35.48,
10/14/2025,10/15/2025,WAWA 8123,Gas,Sale,16.41,
10/12/2025,10/13/2025,NETFLIX.COM,Entertainment,Sale,15.49,
10/08/2025,10/09/2025,WAWA 8123,Gas,Sale,22.42,
10/07/2025,10/08/2025,HBO MAX,Entertainment,Sale,16.99,
10/03/2025,10/04/2025,Spotify USA,Entertainment,Sale,11.99,
10/02/2025,10/03/2025,WAWA 8123,Gas,Sale,16.05,
09/26/2025,09/27/2025,Payment Thank You-Mobile,,Payment,-500.00,
09/26/2025,09/27/2025,WAWA 8123,Gas,Sale,36.27,
09/20/2025,09/21/2025,WAWA 8123,Gas,Sale,29.40,
09/14/2025,09/15/2025,WAWA 8123,Gas,Sale,32.18,
09/12/2025,09/13/2025,NETFLIX.COM,Entertainment,Sale,15.49,
09/08/2025,09/09/2025,WAWA 8123,Gas,Sale,25.35,
09/07/2025,09/08/2025,HBO MAX,Entertainment,Sale,16.99,
09/03/2025,09/04/2025,Spotify USA,Entertainment,Sale,11.99,
09/02/2025,09/03/2025,WAWA 8123,Gas,Sale,22.01,
