Details,Posting Date,Description,Amount,Type,Balance,Check or Slip #
DEBIT,09/12/2026,NETFLIX.COM,-15.49,DEBIT_CARD,,
DEBIT,09/03/2026,CAFÉ CRÈME CLUB,-11.99,DEBIT_CARD,,
DEBIT,08/12/2026,NETFLIX.COM,-15.49,DEBIT_CARD,,
DEBIT,08/03/2026,CAFÉ CRÈME CLUB,-11.99,DEBIT_CARD,,
DEBIT,07/12/2026,NETFLIX.COM,-15.49,DEBIT_CARD,,
DEBIT,07/03/2026,CAFÉ CRÈME CLUB,-11.99,DEBIT_CARD,,
DEBIT,06/12/2026,NETFLIX.COM,-15.49,DEBIT_CARD,,
DEBIT,06/03/2026,CAFÉ CRÈME CLUB,-11.99,DEBIT_CARD,,
DEBIT,05/12/2026,NETFLIX.COM,-15.49,DEBIT_CARD,,
DEBIT,05/03/2026,CAFÉ CRÈME CLUB,-11.99,DEBIT_CARD,,
DEBIT,04/12/2026,NETFLIX.COM,-15.49,DEBIT_CARD,,
DEBIT,04/03/2026,CAFÉ CRÈME CLUB,-11.99,DEBIT_CARD,,
DEBIT,03/12/2026,NETFLIX.COM,-15.49,DEBIT_CARD,,
DEBIT,03/03/2026,CAFÉ CRÈME CLUB,-11.99,DEBIT_CARD,,
DEBIT,02/12/2026,NETFLIX.COM,-15.49,DEBIT_CARD,,
DEBIT,02/03/2026,CAFÉ CRÈME CLUB,-11.99,DEBIT_CARD,,
DEBIT,01/12/2026,NETFLIX.COM,-15.49,DEBIT_CARD,,
DEBIT,01/03/2026,CAFÉ CRÈME CLUB,-11.99,DEBIT_CARD,,
