Date,Description,Amount
2026-01-03,NETFLIX.COM 866-579-7172 CA,-15.49
2026-01-05,SHELL OIL 57442 HOUSTON TX,-48.12
2026-01-09,PAYROLL ACME CORP,2100.00
2026-01-12,SPOTIFY USA 877-778-1161,-11.99
2026-01-14,QUOKKA GYM 7781 AUSTIN TX,-39.00
2026-01-16,TRANSFER TO SAVINGS 1234,-300.00
2026-02-03,NETFLIX.COM 866-579-7172 CA,-15.49
2026-02-07,TRADER JOE'S 512 AUSTIN TX,-62.40
2026-02-12,SPOTIFY USA 877-778-1161,-11.99
2026-02-14,QUOKKA GYM 7781 AUSTIN TX,-39.00
2026-02-18,PAYROLL ACME CORP,2100.00
2026-03-03,NETFLIX.COM 866-579-7172 CA,-15.49
2026-03-12,SPOTIFY USA 877-778-1161,-11.99
2026-03-14,QUOKKA GYM 7781 AUSTIN TX,-39.00
2026-03-21,SHELL OIL 57442 HOUSTON TX,-41.07
2026-04-03,NETFLIX.COM 866-579-7172 CA,-15.49
2026-04-12,SPOTIFY USA 877-778-1161,-11.99
2026-04-14,QUOKKA GYM 7781 AUSTIN TX,-39.00
2026-05-03,NETFLIX.COM 866-579-7172 CA,-15.49
2026-05-12,SPOTIFY USA 877-778-1161,-11.99
2026-05-14,QUOKKA GYM 7781 AUSTIN TX,-39.00
2026-06-03,NETFLIX.COM 866-579-7172 CA,-15.49
2026-06-14,QUOKKA GYM 7781 AUSTIN TX,-39.00
